<?xml version="1.0" encoding="UTF-8"?>
<!DOCTYPE group PUBLIC "-//TELUS.com//DTD PropertyNode 1.0//EN" "http://www.telus.com/dtd/PropertyNode.dtd">

<group name="irrelevant">

    <group name="dirs">
        <group name="log4j">
            <prop name="logDir">/opt/thxservice/logs</prop>
        </group>
    </group>

    <group name="log4j">
        <group name="severity">
            <prop name="threshold">debug</prop>
        </group>
    </group>

    <group name="eRx">
        <group name="Contract">
            <prop name="ListOfValues">eRx Pharmacy 201608,eRx-to-Fax Pharmacy,eRx Clinic 201608,eRx Prescribe 201608
            </prop>
        </group>
    </group>

    <group name="fhir-tpr-wrapper">
        <group name="config">
            <prop name="sdfPrefix">#{systemEnvironment['SDF_IT_PREFIX']}</prop>
            <prop name="service">PrescribeIT</prop>
            <prop name="eRxVersion">Shared2.0</prop>
			<prop name="luceneCachePath">/opt/thxservice/local-cache/</prop>
			<prop name="distributedCachePath">/opt/thxservice/local-cache/tprCache.zip</prop>
			<prop name="deliveryCheckInterval">30000</prop>
			<prop name="audit.endpoint">#{systemEnvironment['AUDIT_LOGIN_ATNA_END_POINT']}</prop>
			<prop name="audit.enable">false</prop>	
	     </group>
    </group>
</group>

