<?xml version="1.0" encoding="UTF-8"?>
<!DOCTYPE group PUBLIC "-//TELUS.com//DTD PropertyNode 1.0//EN" "http://www.telus.com/dtd/PropertyNode.dtd">

<group name="irrelevant">

	<group name="dirs">
		<group name="log4j"> 
			<prop name="logDir">/opt/thxservice/logs/</prop>
		</group>
	</group>

	<group name="log4j">
		<group name="severity">
			<prop name="threshold">debug</prop>
		</group>
	</group>

	<group name="fhir-tpr-updater">      
		<group name="cache">
			<prop name="tprCacheLocation">/opt/thxservice/tprCache</prop>
			<prop name="tprCacheCommonLocation">/opt/thxservice/tprCommonCache</prop>
			<prop name="remoteServerConfigFile">/opt/thxservice/config/quartz/remoteServerList.xml</prop>
			<prop name="partnerData">false</prop>	
			<prop name="partnerDataLocation"></prop>
			<prop name="localTPRService">/transfer</prop>
			<prop name="service">PrescribeIT</prop>
			<prop name="domain">PrescribeIT</prop>		
        </group>
	</group>
	<group name="connections">
		<group name="endpoints">			
			<prop name="endpointAddress">#{systemEnvironment['SIEBEL_URL']}</prop>
		</group>
	</group>
</group>
