<?xml version="1.0" encoding="UTF-8" standalone="yes"?>
<integrationDataLocations>
	<datalocation>
<!--		<partnerName>BSQ</partnerName>
		<localPath>/opt/thxservice/PartnerData/BSQ</localPath>
		<localDropPath>/opt/thxservice/PartnerData/BSQDrop</localDropPath>
		<localReportPath>/opt/thxservice/PartnerData/BSQReport</localReportPath>
		<organizationRole>013 040</organizationRole>
		<provinceList>AB BC MB NB NL NS NT NU ON PE QC SK YT</provinceList>
		<serviceType>MedDialog</serviceType> -->
	</datalocation> 
	<datalocation>
<!--
		<localPath>/opt2/apps/TPRUpdater/IntegratedData</localPath>
		<remotePath></remotePath>
		<remotePort>22</remotePort>
		<remoteUsername></remoteUsername>
		<remotePassword></remotePassword>
		<serviceType>MedDialog</serviceType>
-->
	</datalocation>
</integrationDataLocations>
